0,-17.827,-0.235,1.222,-16.827,-0.233,1.222,-0.0,0.0,1.0,BEZIER
1,-17.825,-0.235,1.222,-16.825,-0.233,1.222,-0.0,0.0,1.0,BEZIER
2,-17.822,-0.235,1.222,-16.822,-0.233,1.222,-0.0,0.0,1.0,BEZIER
3,-17.817,-0.235,1.222,-16.817,-0.233,1.222,-0.0,-0.0,1.0,BEZIER
5,-17.803,-0.235,1.222,-16.803,-0.233,1.222,-0.0,0.0,1.0,BEZIER
7,-17.781,-0.235,1.222,-16.781,-0.233,1.222,-0.0,0.0,1.0,BEZIER
9,-17.753,-0.235,1.222,-16.753,-0.233,1.222,-0.0,0.0,1.0,BEZIER
11,-17.717,-0.235,1.222,-16.717,-0.233,1.222,-0.0,0.0,1.0,BEZIER
13,-17.675,-0.235,1.222,-16.675,-0.233,1.222,-0.0,0.0,1.0,BEZIER
15,-17.626,-0.235,1.222,-16.626,-0.233,1.222,-0.0,0.0,1.0,BEZIER
16,-17.599,-0.235,1.222,-16.599,-0.233,1.222,-0.0,0.0,1.0,BEZIER
18,-17.54,-0.235,1.222,-16.54,-0.233,1.222,-0.0,0.0,1.0,BEZIER
20,-17.475,-0.235,1.222,-16.475,-0.233,1.222,-0.0,0.0,1.0,BEZIER
22,-17.402,-0.235,1.222,-16.402,-0.233,1.222,-0.0,-0.0,1.0,BEZIER
24,-17.323,-0.235,1.222,-16.323,-0.233,1.222,-0.0,0.0,1.0,BEZIER
27,-17.192,-0.235,1.222,-16.192,-0.234,1.222,-0.0,0.0,1.0,BEZIER
30,-17.046,-0.235,1.222,-16.046,-0.234,1.222,-0.0,0.0,1.0,BEZIER
32,-16.94,-0.235,1.222,-15.94,-0.234,1.222,-0.0,0.0,1.0,BEZIER
33,-16.884,-0.235,1.222,-15.884,-0.234,1.222,-0.0,-0.0,1.0,BEZIER
35,-16.769,-0.235,1.222,-15.769,-0.234,1.222,-0.0,0.0,1.0,BEZIER
36,-16.708,-0.235,1.222,-15.708,-0.234,1.222,-0.0,0.0,1.0,BEZIER
37,-16.647,-0.235,1.222,-15.647,-0.234,1.222,-0.0,0.0,1.0,BEZIER
38,-16.583,-0.235,1.222,-15.583,-0.234,1.222,-0.0,0.0,1.0,BEZIER
39,-16.518,-0.235,1.222,-15.518,-0.234,1.222,-0.0,0.0,1.0,BEZIER
40,-16.451,-0.235,1.222,-15.451,-0.234,1.222,-0.0,0.0,1.0,BEZIER
41,-16.383,-0.235,1.222,-15.383,-0.234,1.222,-0.0,0.0,1.0,BEZIER
43,-16.242,-0.235,1.222,-15.242,-0.234,1.222,-0.0,0.0,1.0,BEZIER
45,-16.094,-0.235,1.222,-15.094,-0.234,1.222,-0.0,0.0,1.0,BEZIER
46,-16.017,-0.235,1.222,-15.017,-0.234,1.222,-0.0,0.0,1.0,BEZIER
47,-15.939,-0.235,1.222,-14.939,-0.234,1.222,-0.0,0.0,1.0,BEZIER
48,-15.859,-0.235,1.222,-14.859,-0.234,1.222,-0.0,0.0,1.0,BEZIER
49,-15.779,-0.235,1.222,-14.779,-0.234,1.222,-0.0,0.0,1.0,BEZIER
50,-15.695,-0.235,1.222,-14.695,-0.234,1.222,-0.0,0.0,1.0,BEZIER
51,-15.611,-0.235,1.222,-14.611,-0.234,1.222,-0.0,0.0,1.0,BEZIER
52,-15.525,-0.235,1.222,-14.525,-0.234,1.222,-0.0,0.0,1.0,BEZIER
53,-15.438,-0.235,1.222,-14.438,-0.234,1.222,-0.0,0.0,1.0,BEZIER
54,-15.348,-0.235,1.222,-14.348,-0.234,1.222,-0.0,0.0,1.0,BEZIER
55,-15.258,-0.235,1.222,-14.258,-0.234,1.222,-0.0,0.0,1.0,BEZIER
56,-15.165,-0.235,1.222,-14.165,-0.234,1.222,-0.0,0.0,1.0,BEZIER
57,-15.072,-0.235,1.222,-14.072,-0.234,1.222,-0.0,-0.0,1.0,BEZIER
58,-14.976,-0.235,1.222,-13.976,-0.234,1.222,-0.0,0.0,1.0,BEZIER
59,-14.879,-0.235,1.222,-13.879,-0.234,1.222,-0.0,0.0,1.0,BEZIER
60,-14.781,-0.235,1.222,-13.781,-0.234,1.222,-0.0,0.0,1.0,BEZIER
61,-14.681,-0.235,1.222,-13.681,-0.234,1.222,-0.0,0.0,1.0,BEZIER
63,-14.476,-0.235,1.222,-13.476,-0.234,1.222,-0.0,0.0,1.0,BEZIER
66,-14.157,-0.235,1.222,-13.157,-0.234,1.222,-0.0,0.0,1.0,BEZIER
69,-13.824,-0.235,1.222,-12.824,-0.234,1.222,-0.0,0.0,1.0,BEZIER
71,-13.595,-0.235,1.222,-12.595,-0.234,1.222,-0.0,0.0,1.0,BEZIER
73,-13.359,-0.235,1.222,-12.359,-0.234,1.222,-0.0,0.0,1.0,BEZIER
74,-13.239,-0.235,1.222,-12.239,-0.234,1.222,-0.0,0.0,1.0,BEZIER
75,-13.118,-0.235,1.222,-12.118,-0.234,1.222,-0.0,0.0,1.0,BEZIER
77,-12.87,-0.235,1.222,-11.87,-0.234,1.222,-0.0,-0.0,1.0,BEZIER
79,-12.616,-0.235,1.222,-11.616,-0.234,1.222,-0.0,0.0,1.0,BEZIER
80,-12.487,-0.235,1.222,-11.487,-0.234,1.222,-0.0,0.0,1.0,BEZIER
81,-12.356,-0.235,1.222,-11.356,-0.234,1.222,-0.0,0.0,1.0,BEZIER
82,-12.224,-0.235,1.222,-11.224,-0.234,1.222,-0.0,0.0,1.0,BEZIER
84,-11.956,-0.235,1.222,-10.956,-0.234,1.222,-0.0,0.0,1.0,BEZIER
86,-11.681,-0.235,1.222,-10.681,-0.234,1.222,-0.0,0.0,1.0,BEZIER
88,-11.401,-0.235,1.222,-10.401,-0.234,1.222,-0.0,0.0,1.0,BEZIER
90,-11.114,-0.235,1.222,-10.114,-0.234,1.222,-0.0,0.0,1.0,BEZIER
92,-10.822,-0.235,1.222,-9.822,-0.234,1.222,-0.0,0.0,1.0,BEZIER
94,-10.524,-0.235,1.222,-9.524,-0.234,1.222,-0.0,0.0,1.0,BEZIER
96,-10.22,-0.235,1.222,-9.22,-0.234,1.222,-0.0,0.0,1.0,BEZIER
99,-9.754,-0.235,1.222,-8.754,-0.234,1.222,-0.0,0.0,1.0,BEZIER
101,-9.435,-0.235,1.222,-8.435,-0.234,1.222,-0.0,-0.0,1.0,BEZIER
102,-9.274,-0.235,1.222,-8.274,-0.234,1.222,-0.0,-0.0,1.0,BEZIER
103,-9.112,-0.235,1.222,-8.112,-0.234,1.222,-0.0,0.0,1.0,BEZIER
106,-8.615,-0.235,1.222,-7.615,-0.234,1.222,-0.0,0.0,1.0,BEZIER
108,-8.277,-0.235,1.222,-7.277,-0.234,1.222,-0.0,-0.0,1.0,BEZIER
111,-7.76,-0.235,1.222,-6.76,-0.234,1.222,-0.0,0.0,1.0,BEZIER
113,-7.408,-0.235,1.222,-6.408,-0.234,1.222,-0.0,0.0,1.0,BEZIER
114,-7.229,-0.235,1.222,-6.229,-0.234,1.222,-0.0,0.0,1.0,BEZIER
115,-7.05,-0.235,1.222,-6.05,-0.234,1.222,-0.0,0.0,1.0,BEZIER
117,-6.687,-0.235,1.222,-5.687,-0.234,1.222,-0.0,0.0,1.0,BEZIER
119,-6.319,-0.235,1.222,-5.319,-0.234,1.222,-0.0,0.0,1.0,BEZIER
121,-5.945,-0.235,1.222,-4.945,-0.234,1.222,-0.0,0.0,1.0,BEZIER
123,-5.566,-0.235,1.222,-4.566,-0.234,1.222,-0.0,0.0,1.0,BEZIER
125,-5.181,-0.235,1.222,-4.181,-0.234,1.222,-0.0,0.0,1.0,BEZIER
127,-4.791,-0.235,1.222,-3.791,-0.234,1.222,-0.0,-0.0,1.0,BEZIER
128,-4.593,-0.235,1.222,-3.593,-0.234,1.222,-0.0,-0.0,1.0,BEZIER
129,-4.395,-0.235,1.222,-3.395,-0.234,1.222,-0.0,0.0,1.0,BEZIER
130,-4.196,-0.235,1.222,-3.196,-0.234,1.222,-0.0,0.0,1.0,BEZIER
132,-3.792,-0.235,1.222,-2.792,-0.234,1.222,-0.0,-0.0,1.0,BEZIER
133,-3.588,-0.235,1.222,-2.588,-0.234,1.222,-0.0,0.0,1.0,BEZIER
134,-3.384,-0.235,1.222,-2.384,-0.234,1.222,-0.0,0.0,1.0,BEZIER
135,-3.177,-0.235,1.222,-2.177,-0.234,1.222,-0.0,0.0,1.0,BEZIER
136,-2.97,-0.235,1.222,-1.97,-0.234,1.222,-0.0,0.0,1.0,BEZIER
138,-2.551,-0.235,1.222,-1.551,-0.234,1.222,-0.0,0.0,1.0,BEZIER
139,-2.339,-0.235,1.222,-1.339,-0.234,1.222,-0.0,0.0,1.0,BEZIER
140,-2.126,-0.235,1.222,-1.126,-0.234,1.222,-0.0,0.0,1.0,BEZIER
141,-1.913,-0.235,1.222,-0.913,-0.234,1.222,-0.0,0.0,1.0,BEZIER
142,-1.697,-0.235,1.222,-0.697,-0.234,1.222,-0.0,0.0,1.0,BEZIER
143,-1.48,-0.235,1.222,-0.48,-0.234,1.222,-0.0,0.0,1.0,BEZIER
144,-1.263,-0.235,1.222,-0.263,-0.234,1.222,-0.0,0.0,1.0,BEZIER
145,-1.044,-0.235,1.222,-0.044,-0.234,1.222,-0.0,-0.0,1.0,BEZIER
146,-0.823,-0.235,1.222,0.177,-0.234,1.222,-0.0,0.0,1.0,BEZIER
147,-0.602,-0.235,1.222,0.398,-0.234,1.222,-0.0,0.0,1.0,BEZIER
148,-0.379,-0.235,1.222,0.621,-0.234,1.222,-0.0,0.0,1.0,BEZIER
150,0.071,-0.235,1.222,1.071,-0.234,1.222,-0.0,0.0,1.0,BEZIER
151,0.298,-0.235,1.222,1.298,-0.234,1.222,-0.0,-0.0,1.0,BEZIER
152,0.526,-0.235,1.222,1.526,-0.234,1.222,-0.0,0.0,1.0,BEZIER
153,0.755,-0.235,1.222,1.755,-0.234,1.222,-0.0,0.0,1.0,BEZIER
154,0.985,-0.235,1.222,1.985,-0.234,1.222,-0.0,0.0,1.0,BEZIER
155,1.217,-0.235,1.222,2.217,-0.234,1.222,-0.0,0.0,1.0,BEZIER
156,1.45,-0.235,1.222,2.45,-0.234,1.222,-0.0,0.0,1.0,BEZIER
157,1.683,-0.235,1.222,2.683,-0.234,1.222,-0.0,0.0,1.0,BEZIER
158,1.919,-0.235,1.222,2.919,-0.234,1.222,-0.0,0.0,1.0,BEZIER
160,2.393,-0.235,1.222,3.393,-0.234,1.222,-0.0,0.0,1.0,BEZIER
162,2.872,-0.235,1.222,3.872,-0.234,1.222,-0.0,0.0,1.0,BEZIER
163,3.113,-0.235,1.222,4.113,-0.234,1.222,-0.0,0.0,1.0,BEZIER
165,3.599,-0.235,1.222,4.599,-0.234,1.222,-0.0,0.0,1.0,BEZIER
166,3.845,-0.235,1.222,4.845,-0.234,1.222,-0.0,0.0,1.0,BEZIER
167,4.091,-0.235,1.222,5.091,-0.234,1.222,-0.0,0.0,1.0,BEZIER
168,4.338,-0.235,1.222,5.338,-0.234,1.222,-0.0,0.0,1.0,BEZIER
171,5.087,-0.235,1.222,6.087,-0.234,1.222,-0.0,0.0,1.0,BEZIER
174,5.846,-0.235,1.222,6.846,-0.234,1.222,-0.0,0.0,1.0,BEZIER
175,6.101,-0.235,1.222,7.101,-0.234,1.222,-0.0,0.0,1.0,BEZIER
178,6.875,-0.235,1.222,7.875,-0.234,1.222,-0.0,0.0,1.0,BEZIER
179,7.135,-0.235,1.222,8.135,-0.234,1.222,-0.0,0.0,1.0,BEZIER
180,7.396,-0.235,1.222,8.396,-0.234,1.222,-0.0,0.0,1.0,BEZIER
181,7.659,-0.235,1.222,8.659,-0.233,1.222,-0.0,0.0,1.0,BEZIER
182,7.922,-0.235,1.222,8.922,-0.233,1.222,-0.0,0.0,1.0,BEZIER
183,8.186,-0.235,1.222,9.186,-0.233,1.222,-0.0,0.0,1.0,BEZIER
185,8.719,-0.235,1.222,9.719,-0.233,1.222,-0.0,0.0,1.0,BEZIER
186,8.987,-0.235,1.222,9.987,-0.233,1.222,-0.0,0.0,1.0,BEZIER
189,9.797,-0.235,1.222,10.797,-0.233,1.222,-0.0,0.0,1.0,BEZIER
191,10.342,-0.235,1.222,11.342,-0.233,1.222,-0.0,-0.0,1.0,BEZIER
195,11.447,-0.235,1.222,12.447,-0.233,1.222,-0.0,0.0,1.0,BEZIER
198,12.286,-0.235,1.222,13.286,-0.233,1.222,-0.0,0.0,1.0,BEZIER
202,13.42,-0.235,1.222,14.42,-0.233,1.222,-0.0,0.0,1.0,BEZIER
205,14.282,-0.235,1.222,15.282,-0.233,1.222,-0.0,-0.0,1.0,BEZIER
206,14.571,-0.235,1.222,15.571,-0.233,1.222,-0.0,0.0,1.0,BEZIER
207,14.862,-0.235,1.222,15.862,-0.233,1.222,-0.0,0.0,1.0,BEZIER
209,15.445,-0.235,1.222,16.445,-0.233,1.222,-0.0,0.0,1.0,BEZIER
210,15.738,-0.235,1.222,16.738,-0.233,1.222,-0.0,0.0,1.0,BEZIER
213,16.625,-0.235,1.222,17.625,-0.233,1.222,-0.0,0.0,1.0,BEZIER
214,16.922,-0.235,1.222,17.922,-0.233,1.222,-0.0,0.0,1.0,BEZIER
215,17.22,-0.235,1.222,18.22,-0.233,1.222,-0.0,0.0,1.0,BEZIER
219,18.423,-0.235,1.222,19.423,-0.233,1.222,-0.0,0.0,1.0,BEZIER
220,18.726,-0.235,1.222,19.726,-0.233,1.222,-0.0,-0.0,1.0,BEZIER
222,19.335,-0.235,1.222,20.335,-0.233,1.222,-0.0,0.0,1.0,BEZIER
223,19.642,-0.235,1.222,20.642,-0.233,1.222,-0.0,0.0,1.0,BEZIER
224,19.949,-0.235,1.222,20.949,-0.233,1.222,-0.0,0.0,1.0,BEZIER
226,20.566,-0.235,1.222,21.566,-0.233,1.222,-0.0,0.0,1.0,BEZIER
227,20.875,-0.235,1.222,21.875,-0.233,1.222,-0.0,0.0,1.0,BEZIER
228,21.187,-0.235,1.222,22.187,-0.233,1.222,-0.0,0.0,1.0,BEZIER
229,21.498,-0.235,1.222,22.498,-0.233,1.222,-0.0,0.0,1.0,BEZIER
231,22.124,-0.235,1.222,23.124,-0.233,1.222,-0.0,0.0,1.0,BEZIER
233,22.755,-0.235,1.222,23.755,-0.233,1.222,-0.0,0.0,1.0,BEZIER
234,23.071,-0.235,1.222,24.071,-0.233,1.222,-0.0,0.0,1.0,BEZIER
235,23.388,-0.235,1.222,24.388,-0.233,1.222,-0.0,0.0,1.0,BEZIER
236,23.706,-0.235,1.222,24.706,-0.233,1.222,-0.0,-0.0,1.0,BEZIER
237,24.025,-0.235,1.222,25.025,-0.233,1.222,-0.0,0.0,1.0,BEZIER
238,24.345,-0.235,1.222,25.345,-0.233,1.222,-0.0,-0.0,1.0,BEZIER
243,25.958,-0.235,1.222,26.958,-0.232,1.222,-0.0,0.0,1.0,BEZIER
244,26.283,-0.235,1.222,27.283,-0.232,1.222,-0.0,0.0,1.0,BEZIER
245,26.609,-0.235,1.222,27.609,-0.232,1.222,-0.0,0.0,1.0,BEZIER
247,27.264,-0.235,1.222,28.264,-0.231,1.222,-0.0,0.0,1.0,BEZIER
249,27.922,-0.235,1.222,28.922,-0.231,1.222,-0.0,0.0,1.0,BEZIER
250,28.253,-0.235,1.222,29.253,-0.231,1.222,-0.0,0.0,1.0,BEZIER
251,28.584,-0.235,1.222,29.584,-0.23,1.222,-0.0,0.0,1.0,BEZIER
252,28.915,-0.235,1.222,29.915,-0.23,1.222,-0.0,0.0,1.0,BEZIER
254,29.582,-0.235,1.222,30.582,-0.229,1.222,-0.0,0.0,1.0,BEZIER
256,30.252,-0.235,1.222,31.252,-0.227,1.222,-0.0,0.0,1.0,BEZIER
257,30.588,-0.235,1.222,31.588,-0.226,1.222,-0.0,0.0,1.0,BEZIER
258,30.924,-0.235,1.222,31.924,-0.225,1.222,-0.0,0.0,1.0,BEZIER
259,31.262,-0.235,1.222,32.262,-0.223,1.222,-0.0,0.0,1.0,BEZIER
260,31.601,-0.235,1.222,32.601,-0.22,1.222,-0.0,0.0,1.0,BEZIER
261,31.94,-0.235,1.222,32.94,-0.215,1.222,-0.0,0.0,1.0,BEZIER
262,32.28,-0.235,1.222,33.28,-0.205,1.222,-0.0,0.0,1.0,BEZIER
263,32.621,-0.235,1.222,33.619,-0.179,1.222,-0.0,0.0,1.0,BEZIER
264,32.963,-0.235,1.222,33.884,0.153,1.222,-0.0,0.0,1.0,BEZIER
265,33.305,-0.235,1.222,32.308,-0.158,1.222,0.0,-0.0,1.0,BEZIER
266,33.648,-0.235,1.222,32.649,-0.2,1.222,0.0,0.0,1.0,BEZIER
267,33.992,-0.235,1.222,32.992,-0.212,1.222,0.0,-0.0,1.0,BEZIER
268,34.337,-0.235,1.222,33.337,-0.218,1.222,0.0,-0.0,1.0,BEZIER
269,34.682,-0.235,1.222,33.683,-0.222,1.222,0.0,-0.0,1.0,BEZIER
270,35.029,-0.235,1.222,34.029,-0.224,1.222,0.0,-0.0,1.0,BEZIER
271,35.375,-0.235,1.222,34.375,-0.226,1.222,0.0,0.0,1.0,BEZIER
272,35.723,-0.235,1.222,34.723,-0.227,1.222,0.0,-0.0,1.0,BEZIER
273,36.072,-0.235,1.222,35.072,-0.228,1.222,0.0,-0.0,1.0,BEZIER
274,36.421,-0.235,1.222,35.421,-0.229,1.222,0.0,-0.0,1.0,BEZIER
275,36.77,-0.235,1.222,35.77,-0.229,1.222,0.0,-0.0,1.0,BEZIER
276,37.121,-0.235,1.222,36.121,-0.23,1.222,0.0,0.0,1.0,BEZIER
277,37.473,-0.235,1.222,36.473,-0.23,1.222,0.0,-0.0,1.0,BEZIER
278,37.824,-0.235,1.222,36.824,-0.231,1.222,0.0,0.0,1.0,BEZIER
279,38.177,-0.235,1.222,37.177,-0.231,1.222,0.0,-0.0,1.0,BEZIER
280,38.531,-0.235,1.222,37.531,-0.231,1.222,0.0,-0.0,1.0,BEZIER
281,38.885,-0.235,1.222,37.885,-0.231,1.222,0.0,-0.0,1.0,BEZIER
282,39.24,-0.235,1.222,38.24,-0.232,1.222,0.0,-0.0,1.0,BEZIER
283,39.595,-0.235,1.222,38.596,-0.232,1.222,0.0,-0.0,1.0,BEZIER
284,39.951,-0.235,1.222,38.951,-0.232,1.222,0.0,-0.0,1.0,BEZIER
285,40.309,-0.235,1.222,39.309,-0.232,1.222,0.0,-0.0,1.0,BEZIER
286,40.666,-0.235,1.222,39.666,-0.232,1.222,0.0,-0.0,1.0,BEZIER
287,41.025,-0.235,1.222,40.025,-0.232,1.222,0.0,-0.0,1.0,BEZIER
288,41.384,-0.235,1.222,40.384,-0.233,1.222,0.0,-0.0,1.0,BEZIER
289,41.743,-0.235,1.222,40.743,-0.233,1.222,0.0,-0.0,1.0,BEZIER
290,42.103,-0.235,1.222,41.103,-0.233,1.222,0.0,-0.0,1.0,BEZIER
291,42.464,-0.235,1.222,41.464,-0.233,1.222,0.0,0.0,1.0,BEZIER
292,42.826,-0.235,1.222,41.826,-0.233,1.222,0.0,-0.0,1.0,BEZIER
293,43.188,-0.235,1.222,42.188,-0.233,1.222,0.0,0.0,1.0,BEZIER
294,43.551,-0.235,1.222,42.551,-0.233,1.222,0.0,-0.0,1.0,BEZIER
296,44.279,-0.235,1.222,43.279,-0.233,1.222,0.0,-0.0,1.0,BEZIER
298,45.009,-0.235,1.222,44.009,-0.233,1.222,0.0,-0.0,1.0,BEZIER
300,45.742,-0.235,1.222,44.742,-0.233,1.222,0.0,-0.0,1.0,BEZIER
302,46.477,-0.235,1.222,45.477,-0.234,1.222,0.0,-0.0,1.0,BEZIER
304,47.214,-0.235,1.222,46.214,-0.234,1.222,0.0,0.0,1.0,BEZIER
310,49.44,-0.235,1.222,48.44,-0.234,1.222,0.0,-0.0,1.0,BEZIER
311,49.814,-0.235,1.222,48.814,-0.234,1.222,0.0,0.0,1.0,BEZIER
313,50.562,-0.235,1.222,49.562,-0.234,1.222,0.0,-0.0,1.0,BEZIER
314,50.937,-0.235,1.222,49.937,-0.234,1.222,0.0,-0.0,1.0,BEZIER
317,52.064,-0.235,1.222,51.064,-0.234,1.222,0.0,-0.0,1.0,BEZIER
318,52.441,-0.235,1.222,51.441,-0.234,1.222,0.0,-0.0,1.0,BEZIER
319,52.818,-0.235,1.222,51.818,-0.234,1.222,0.0,-0.0,1.0,BEZIER
320,53.196,-0.235,1.222,52.196,-0.234,1.222,0.0,-0.0,1.0,BEZIER
321,53.575,-0.235,1.222,52.575,-0.234,1.222,0.0,-0.0,1.0,BEZIER
322,53.954,-0.235,1.222,52.954,-0.234,1.222,0.0,-0.0,1.0,BEZIER
323,54.333,-0.235,1.222,53.333,-0.234,1.222,0.0,-0.0,1.0,BEZIER
324,54.713,-0.235,1.222,53.713,-0.234,1.222,0.0,-0.0,1.0,BEZIER
325,55.094,-0.235,1.222,54.094,-0.234,1.222,0.0,-0.0,1.0,BEZIER
326,55.474,-0.235,1.222,54.474,-0.234,1.222,0.0,-0.0,1.0,BEZIER
327,55.856,-0.235,1.222,54.856,-0.234,1.222,0.0,-0.0,1.0,BEZIER
328,56.238,-0.235,1.222,55.238,-0.234,1.222,0.0,-0.0,1.0,BEZIER
329,56.621,-0.235,1.222,55.621,-0.234,1.222,0.0,-0.0,1.0,BEZIER
330,57.003,-0.235,1.222,56.003,-0.234,1.222,0.0,-0.0,1.0,BEZIER
331,57.387,-0.235,1.222,56.387,-0.234,1.222,0.0,-0.0,1.0,BEZIER
332,57.771,-0.235,1.222,56.771,-0.234,1.222,0.0,-0.0,1.0,BEZIER
333,58.155,-0.235,1.222,57.155,-0.234,1.222,0.0,-0.0,1.0,BEZIER
338,60.083,-0.235,1.222,59.083,-0.234,1.222,0.0,-0.0,1.0,BEZIER
340,60.858,-0.235,1.222,59.858,-0.234,1.222,0.0,-0.0,1.0,BEZIER
344,62.412,-0.235,1.222,61.412,-0.234,1.222,0.0,-0.0,1.0,BEZIER
345,62.801,-0.235,1.222,61.801,-0.234,1.222,0.0,-0.0,1.0,BEZIER
349,64.362,-0.235,1.222,63.362,-0.234,1.222,0.0,0.0,1.0,BEZIER
350,64.754,-0.235,1.222,63.754,-0.234,1.222,0.0,0.0,1.0,BEZIER
352,65.538,-0.235,1.222,64.538,-0.234,1.222,0.0,0.0,1.0,BEZIER
360,68.688,-0.235,1.222,67.688,-0.234,1.222,0.0,0.0,1.0,BEZIER
361,69.083,-0.235,1.222,68.083,-0.234,1.222,0.0,0.0,1.0,BEZIER
363,69.874,-0.235,1.222,68.874,-0.234,1.222,0.0,0.0,1.0,BEZIER
364,70.27,-0.235,1.222,69.27,-0.234,1.222,0.0,0.0,1.0,BEZIER
365,70.667,-0.235,1.222,69.667,-0.234,1.222,0.0,-0.0,1.0,BEZIER
366,71.064,-0.235,1.222,70.064,-0.234,1.222,0.0,-0.0,1.0,BEZIER
367,71.461,-0.235,1.222,70.461,-0.234,1.222,0.0,-0.0,1.0,BEZIER
368,71.858,-0.235,1.222,70.858,-0.234,1.222,0.0,-0.0,1.0,BEZIER
369,72.256,-0.235,1.222,71.256,-0.234,1.222,0.0,-0.0,1.0,BEZIER
370,72.654,-0.235,1.222,71.654,-0.234,1.222,0.0,-0.0,1.0,BEZIER
371,73.052,-0.235,1.222,72.052,-0.234,1.222,0.0,-0.0,1.0,BEZIER
372,73.45,-0.235,1.222,72.45,-0.234,1.222,0.0,-0.0,1.0,BEZIER
373,73.849,-0.235,1.222,72.849,-0.234,1.222,0.0,-0.0,1.0,BEZIER
374,74.248,-0.235,1.222,73.248,-0.234,1.222,0.0,-0.0,1.0,BEZIER
375,74.647,-0.235,1.222,73.647,-0.234,1.222,0.0,-0.0,1.0,BEZIER
376,75.047,-0.235,1.222,74.047,-0.234,1.222,0.0,-0.0,1.0,BEZIER
377,75.447,-0.235,1.222,74.447,-0.234,1.222,0.0,-0.0,1.0,BEZIER
378,75.847,-0.235,1.222,74.847,-0.234,1.222,0.0,-0.0,1.0,BEZIER
379,76.247,-0.235,1.222,75.247,-0.234,1.222,0.0,-0.0,1.0,BEZIER
380,76.648,-0.235,1.222,75.648,-0.234,1.222,0.0,-0.0,1.0,BEZIER
381,77.049,-0.235,1.222,76.049,-0.234,1.222,0.0,-0.0,1.0,BEZIER
382,77.45,-0.235,1.222,76.45,-0.234,1.222,0.0,-0.0,1.0,BEZIER
383,77.851,-0.235,1.222,76.851,-0.234,1.222,0.0,-0.0,1.0,BEZIER
384,78.252,-0.235,1.222,77.252,-0.234,1.222,0.0,-0.0,1.0,BEZIER
385,78.654,-0.235,1.222,77.654,-0.234,1.222,0.0,-0.0,1.0,BEZIER
386,79.056,-0.235,1.222,78.056,-0.234,1.222,0.0,-0.0,1.0,BEZIER
387,79.458,-0.235,1.222,78.458,-0.234,1.222,0.0,-0.0,1.0,BEZIER
388,79.86,-0.235,1.222,78.86,-0.234,1.222,0.0,-0.0,1.0,BEZIER
389,80.262,-0.235,1.222,79.262,-0.234,1.222,0.0,-0.0,1.0,BEZIER
390,80.665,-0.235,1.222,79.665,-0.234,1.222,0.0,-0.0,1.0,BEZIER
391,81.067,-0.235,1.222,80.067,-0.234,1.222,0.0,-0.0,1.0,BEZIER
392,81.47,-0.235,1.222,80.47,-0.234,1.222,0.0,-0.0,1.0,BEZIER
393,81.873,-0.235,1.222,80.873,-0.234,1.222,0.0,-0.0,1.0,BEZIER
394,82.276,-0.235,1.222,81.276,-0.234,1.222,0.0,-0.0,1.0,BEZIER
395,82.68,-0.235,1.222,81.68,-0.234,1.222,0.0,-0.0,1.0,BEZIER
397,83.487,-0.235,1.222,82.487,-0.234,1.222,0.0,-0.0,1.0,BEZIER
398,83.891,-0.235,1.222,82.891,-0.234,1.222,0.0,-0.0,1.0,BEZIER
400,84.699,-0.235,1.222,83.699,-0.234,1.222,0.0,-0.0,1.0,BEZIER
408,87.937,-0.235,1.222,86.937,-0.235,1.222,0.0,-0.0,1.0,BEZIER
409,88.342,-0.235,1.222,87.342,-0.235,1.222,0.0,-0.0,1.0,BEZIER
411,89.153,-0.235,1.222,88.153,-0.235,1.222,0.0,-0.0,1.0,BEZIER
419,92.398,-0.235,1.222,91.398,-0.235,1.222,0.0,-0.0,1.0,BEZIER
420,92.803,-0.235,1.222,91.803,-0.235,1.222,0.0,-0.0,1.0,BEZIER
426,95.239,-0.235,1.222,94.239,-0.235,1.222,0.0,-0.0,1.0,BEZIER
427,95.645,-0.235,1.222,94.645,-0.235,1.222,0.0,-0.0,1.0,BEZIER
428,96.051,-0.235,1.222,95.051,-0.235,1.222,0.0,-0.0,1.0,BEZIER
429,96.457,-0.235,1.222,95.457,-0.235,1.222,0.0,-0.0,1.0,BEZIER
430,96.863,-0.235,1.222,95.863,-0.235,1.222,0.0,-0.0,1.0,BEZIER
431,97.269,-0.235,1.222,96.269,-0.235,1.222,0.0,-0.0,1.0,BEZIER
432,97.674,-0.235,1.222,96.674,-0.235,1.222,0.0,0.0,1.0,BEZIER
436,99.298,-0.235,1.222,98.298,-0.235,1.222,0.0,0.0,1.0,BEZIER
440,100.92,-0.235,1.222,99.92,-0.235,1.222,0.0,0.0,1.0,BEZIER
456,107.397,-0.235,1.222,106.397,-0.235,1.222,0.0,-0.0,1.0,BEZIER
458,108.204,-0.235,1.222,107.204,-0.235,1.222,0.0,-0.0,1.0,BEZIER
459,108.608,-0.235,1.222,107.608,-0.235,1.222,0.0,-0.0,1.0,BEZIER
460,109.011,-0.235,1.222,108.011,-0.235,1.222,0.0,-0.0,1.0,BEZIER
461,109.414,-0.235,1.222,108.414,-0.235,1.222,0.0,-0.0,1.0,BEZIER
462,109.817,-0.235,1.222,108.817,-0.235,1.222,0.0,-0.0,1.0,BEZIER
463,110.22,-0.235,1.222,109.22,-0.235,1.222,0.0,-0.0,1.0,BEZIER
464,110.623,-0.235,1.222,109.623,-0.235,1.222,0.0,-0.0,1.0,BEZIER
465,111.025,-0.235,1.222,110.025,-0.235,1.222,0.0,-0.0,1.0,BEZIER
466,111.427,-0.235,1.222,110.427,-0.235,1.222,0.0,-0.0,1.0,BEZIER
467,111.829,-0.235,1.222,110.829,-0.235,1.222,0.0,-0.0,1.0,BEZIER
468,112.231,-0.235,1.222,111.231,-0.235,1.222,0.0,-0.0,1.0,BEZIER
469,112.633,-0.235,1.222,111.633,-0.235,1.222,0.0,-0.0,1.0,BEZIER
470,113.034,-0.235,1.222,112.034,-0.235,1.222,0.0,-0.0,1.0,BEZIER
471,113.436,-0.235,1.222,112.436,-0.235,1.222,0.0,-0.0,1.0,BEZIER
472,113.837,-0.235,1.222,112.837,-0.235,1.222,0.0,-0.0,1.0,BEZIER
473,114.237,-0.235,1.222,113.237,-0.235,1.222,0.0,-0.0,1.0,BEZIER
474,114.638,-0.235,1.222,113.638,-0.235,1.222,0.0,-0.0,1.0,BEZIER
475,115.039,-0.235,1.222,114.039,-0.235,1.222,0.0,-0.0,1.0,BEZIER
476,115.439,-0.235,1.222,114.439,-0.235,1.222,0.0,-0.0,1.0,BEZIER
477,115.839,-0.235,1.222,114.839,-0.235,1.222,0.0,-0.0,1.0,BEZIER
478,116.238,-0.235,1.222,115.238,-0.235,1.222,0.0,-0.0,1.0,BEZIER
479,116.638,-0.235,1.222,115.638,-0.235,1.222,0.0,-0.0,1.0,BEZIER
480,117.037,-0.235,1.222,116.037,-0.235,1.222,0.0,-0.0,1.0,BEZIER
481,117.436,-0.235,1.222,116.436,-0.235,1.222,0.0,-0.0,1.0,BEZIER
482,117.834,-0.235,1.222,116.834,-0.235,1.222,0.0,-0.0,1.0,BEZIER
483,118.232,-0.235,1.222,117.232,-0.235,1.222,0.0,-0.0,1.0,BEZIER
484,118.63,-0.235,1.222,117.63,-0.235,1.222,0.0,-0.0,1.0,BEZIER
485,119.028,-0.235,1.222,118.028,-0.235,1.222,0.0,-0.0,1.0,BEZIER
486,119.425,-0.235,1.222,118.425,-0.235,1.222,0.0,-0.0,1.0,BEZIER
487,119.823,-0.235,1.222,118.823,-0.235,1.222,0.0,-0.0,1.0,BEZIER
488,120.219,-0.235,1.222,119.219,-0.235,1.222,0.0,-0.0,1.0,BEZIER
489,120.616,-0.235,1.222,119.616,-0.235,1.222,0.0,-0.0,1.0,BEZIER
494,122.595,-0.235,1.222,121.595,-0.235,1.222,0.0,-0.0,1.0,BEZIER
495,122.989,-0.235,1.222,121.989,-0.235,1.222,0.0,-0.0,1.0,BEZIER
496,123.384,-0.235,1.222,122.384,-0.235,1.222,0.0,-0.0,1.0,BEZIER
497,123.778,-0.235,1.222,122.778,-0.235,1.222,0.0,-0.0,1.0,BEZIER
498,124.171,-0.235,1.222,123.171,-0.235,1.222,0.0,-0.0,1.0,BEZIER
499,124.564,-0.235,1.222,123.564,-0.235,1.222,0.0,-0.0,1.0,BEZIER
500,124.957,-0.235,1.222,123.957,-0.235,1.222,0.0,-0.0,1.0,BEZIER
501,125.35,-0.235,1.222,124.35,-0.235,1.222,0.0,-0.0,1.0,BEZIER
502,125.742,-0.235,1.222,124.742,-0.235,1.222,0.0,-0.0,1.0,BEZIER
503,126.134,-0.235,1.222,125.134,-0.235,1.222,0.0,-0.0,1.0,BEZIER
504,126.525,-0.235,1.222,125.525,-0.235,1.222,0.0,-0.0,1.0,BEZIER
505,126.917,-0.235,1.222,125.917,-0.235,1.222,0.0,-0.0,1.0,BEZIER
506,127.307,-0.235,1.222,126.307,-0.235,1.222,0.0,-0.0,1.0,BEZIER
507,127.698,-0.235,1.222,126.698,-0.235,1.222,0.0,-0.0,1.0,BEZIER
508,128.088,-0.235,1.222,127.088,-0.235,1.222,0.0,-0.0,1.0,BEZIER
509,128.477,-0.235,1.222,127.477,-0.235,1.222,0.0,-0.0,1.0,BEZIER
510,128.866,-0.235,1.222,127.866,-0.235,1.222,0.0,-0.0,1.0,BEZIER
511,129.255,-0.235,1.222,128.255,-0.235,1.222,0.0,-0.0,1.0,BEZIER
512,129.643,-0.235,1.222,128.643,-0.235,1.222,0.0,-0.0,1.0,BEZIER
513,130.031,-0.235,1.222,129.031,-0.235,1.222,0.0,-0.0,1.0,BEZIER
514,130.419,-0.235,1.222,129.419,-0.235,1.222,0.0,-0.0,1.0,BEZIER
515,130.806,-0.235,1.222,129.806,-0.235,1.222,0.0,-0.0,1.0,BEZIER
516,131.192,-0.235,1.222,130.192,-0.235,1.222,0.0,-0.0,1.0,BEZIER
517,131.579,-0.235,1.222,130.579,-0.235,1.222,0.0,-0.0,1.0,BEZIER
518,131.965,-0.235,1.222,130.965,-0.235,1.222,0.0,-0.0,1.0,BEZIER
519,132.35,-0.235,1.222,131.35,-0.235,1.222,0.0,-0.0,1.0,BEZIER
520,132.734,-0.235,1.222,131.734,-0.235,1.222,0.0,-0.0,1.0,BEZIER
521,133.119,-0.235,1.222,132.119,-0.235,1.222,0.0,-0.0,1.0,BEZIER
522,133.503,-0.235,1.222,132.503,-0.235,1.222,0.0,-0.0,1.0,BEZIER
523,133.886,-0.235,1.222,132.886,-0.235,1.222,0.0,-0.0,1.0,BEZIER
524,134.269,-0.235,1.222,133.269,-0.235,1.222,0.0,-0.0,1.0,BEZIER
525,134.652,-0.235,1.222,133.652,-0.235,1.222,0.0,-0.0,1.0,BEZIER
526,135.034,-0.235,1.222,134.034,-0.235,1.222,0.0,-0.0,1.0,BEZIER
527,135.415,-0.235,1.222,134.415,-0.235,1.222,0.0,-0.0,1.0,BEZIER
528,135.796,-0.235,1.222,134.796,-0.235,1.222,0.0,-0.0,1.0,BEZIER
529,136.177,-0.235,1.222,135.177,-0.235,1.222,0.0,0.0,1.0,BEZIER
530,136.557,-0.235,1.222,135.557,-0.235,1.222,0.0,0.0,1.0,BEZIER
531,136.937,-0.235,1.222,135.937,-0.235,1.222,0.0,0.0,1.0,BEZIER
532,137.315,-0.235,1.222,136.315,-0.235,1.222,0.0,0.0,1.0,BEZIER
533,137.694,-0.235,1.222,136.694,-0.235,1.222,0.0,0.0,1.0,BEZIER
534,138.072,-0.235,1.222,137.072,-0.235,1.222,0.0,0.0,1.0,BEZIER
535,138.45,-0.235,1.222,137.45,-0.235,1.222,0.0,0.0,1.0,BEZIER
536,138.827,-0.235,1.222,137.827,-0.235,1.222,0.0,0.0,1.0,BEZIER
537,139.203,-0.235,1.222,138.203,-0.235,1.222,0.0,0.0,1.0,BEZIER
538,139.579,-0.235,1.222,138.579,-0.235,1.222,0.0,0.0,1.0,BEZIER
539,139.954,-0.235,1.222,138.954,-0.235,1.222,0.0,0.0,1.0,BEZIER
540,140.329,-0.235,1.222,139.329,-0.235,1.222,0.0,0.0,1.0,BEZIER
541,140.703,-0.235,1.222,139.703,-0.235,1.222,0.0,0.0,1.0,BEZIER
542,141.077,-0.235,1.222,140.077,-0.235,1.222,0.0,0.0,1.0,BEZIER
543,141.45,-0.235,1.222,140.45,-0.235,1.222,0.0,0.0,1.0,BEZIER
544,141.822,-0.235,1.222,140.822,-0.235,1.222,0.0,0.0,1.0,BEZIER
545,142.194,-0.235,1.222,141.194,-0.235,1.222,0.0,0.0,1.0,BEZIER
546,142.566,-0.235,1.222,141.566,-0.235,1.222,0.0,0.0,1.0,BEZIER
547,142.937,-0.235,1.222,141.937,-0.235,1.222,0.0,0.0,1.0,BEZIER
548,143.307,-0.235,1.222,142.307,-0.235,1.222,0.0,0.0,1.0,BEZIER
549,143.677,-0.235,1.222,142.677,-0.235,1.222,0.0,0.0,1.0,BEZIER
550,144.046,-0.235,1.222,143.046,-0.235,1.222,0.0,0.0,1.0,BEZIER
551,144.414,-0.235,1.222,143.414,-0.235,1.222,0.0,-0.0,1.0,BEZIER
552,144.782,-0.235,1.222,143.782,-0.235,1.222,0.0,-0.0,1.0,BEZIER
553,145.15,-0.235,1.222,144.15,-0.235,1.222,0.0,-0.0,1.0,BEZIER
554,145.516,-0.235,1.222,144.516,-0.235,1.222,0.0,-0.0,1.0,BEZIER
555,145.882,-0.235,1.222,144.882,-0.235,1.222,0.0,-0.0,1.0,BEZIER
556,146.247,-0.235,1.222,145.247,-0.235,1.222,0.0,-0.0,1.0,BEZIER
557,146.612,-0.235,1.222,145.612,-0.235,1.222,0.0,-0.0,1.0,BEZIER
558,146.976,-0.235,1.222,145.976,-0.235,1.222,0.0,-0.0,1.0,BEZIER
560,147.703,-0.235,1.222,146.703,-0.235,1.222,0.0,0.0,1.0,BEZIER
562,148.426,-0.235,1.222,147.426,-0.235,1.222,0.0,0.0,1.0,BEZIER
563,148.787,-0.235,1.222,147.787,-0.235,1.222,0.0,-0.0,1.0,BEZIER
565,149.507,-0.235,1.222,148.507,-0.235,1.222,0.0,-0.0,1.0,BEZIER
566,149.866,-0.235,1.222,148.866,-0.235,1.222,0.0,-0.0,1.0,BEZIER
568,150.582,-0.235,1.222,149.582,-0.235,1.222,0.0,-0.0,1.0,BEZIER
570,151.295,-0.235,1.222,150.295,-0.235,1.222,0.0,-0.0,1.0,BEZIER
571,151.65,-0.235,1.222,150.65,-0.235,1.222,0.0,-0.0,1.0,BEZIER
572,152.005,-0.235,1.222,151.005,-0.235,1.222,0.0,-0.0,1.0,BEZIER
573,152.359,-0.235,1.222,151.359,-0.235,1.222,0.0,-0.0,1.0,BEZIER
574,152.713,-0.235,1.222,151.713,-0.235,1.222,0.0,-0.0,1.0,BEZIER
575,153.066,-0.235,1.222,152.066,-0.235,1.222,0.0,-0.0,1.0,BEZIER
578,154.119,-0.235,1.222,153.119,-0.235,1.222,0.0,-0.0,1.0,BEZIER
579,154.469,-0.235,1.222,153.469,-0.235,1.222,0.0,-0.0,1.0,BEZIER
580,154.818,-0.235,1.222,153.818,-0.235,1.222,0.0,-0.0,1.0,BEZIER
582,155.513,-0.235,1.222,154.513,-0.235,1.222,0.0,-0.0,1.0,BEZIER
583,155.86,-0.235,1.222,154.86,-0.235,1.222,0.0,-0.0,1.0,BEZIER
584,156.206,-0.235,1.222,155.206,-0.235,1.222,0.0,-0.0,1.0,BEZIER
585,156.552,-0.235,1.222,155.552,-0.235,1.222,0.0,-0.0,1.0,BEZIER
586,156.897,-0.235,1.222,155.897,-0.235,1.222,0.0,-0.0,1.0,BEZIER
587,157.24,-0.235,1.222,156.24,-0.235,1.222,0.0,-0.0,1.0,BEZIER
588,157.583,-0.235,1.222,156.583,-0.235,1.222,0.0,-0.0,1.0,BEZIER
589,157.925,-0.235,1.222,156.925,-0.235,1.222,0.0,-0.0,1.0,BEZIER
590,158.267,-0.235,1.222,157.267,-0.235,1.222,0.0,-0.0,1.0,BEZIER
591,158.607,-0.235,1.222,157.607,-0.235,1.222,0.0,-0.0,1.0,BEZIER
592,158.947,-0.235,1.222,157.947,-0.235,1.222,0.0,-0.0,1.0,BEZIER
593,159.286,-0.235,1.222,158.286,-0.235,1.222,0.0,-0.0,1.0,BEZIER
594,159.624,-0.235,1.222,158.624,-0.235,1.222,0.0,-0.0,1.0,BEZIER
595,159.962,-0.235,1.222,158.962,-0.235,1.222,0.0,-0.0,1.0,BEZIER
596,160.299,-0.235,1.222,159.299,-0.235,1.222,0.0,-0.0,1.0,BEZIER
597,160.634,-0.235,1.222,159.634,-0.235,1.222,0.0,-0.0,1.0,BEZIER
598,160.97,-0.235,1.222,159.97,-0.235,1.222,0.0,-0.0,1.0,BEZIER
600,161.637,-0.235,1.222,160.637,-0.235,1.222,0.0,-0.0,1.0,BEZIER
602,162.301,-0.235,1.222,161.301,-0.235,1.222,0.0,-0.0,1.0,BEZIER
604,162.962,-0.235,1.222,161.962,-0.235,1.222,0.0,-0.0,1.0,BEZIER
605,163.291,-0.235,1.222,162.291,-0.235,1.222,0.0,-0.0,1.0,BEZIER
606,163.62,-0.235,1.222,162.62,-0.235,1.222,0.0,-0.0,1.0,BEZIER
608,164.274,-0.235,1.222,163.274,-0.235,1.222,0.0,-0.0,1.0,BEZIER
610,164.924,-0.235,1.222,163.924,-0.235,1.222,0.0,-0.0,1.0,BEZIER
611,165.248,-0.235,1.222,164.248,-0.235,1.222,0.0,-0.0,1.0,BEZIER
613,165.893,-0.235,1.222,164.893,-0.235,1.222,0.0,-0.0,1.0,BEZIER
615,166.534,-0.235,1.222,165.534,-0.235,1.222,0.0,-0.0,1.0,BEZIER
616,166.854,-0.235,1.222,165.854,-0.235,1.222,0.0,-0.0,1.0,BEZIER
619,167.806,-0.235,1.222,166.806,-0.235,1.222,0.0,-0.0,1.0,BEZIER
621,168.436,-0.235,1.222,167.436,-0.235,1.222,0.0,-0.0,1.0,BEZIER
622,168.75,-0.235,1.222,167.75,-0.235,1.222,0.0,-0.0,1.0,BEZIER
626,169.995,-0.235,1.222,168.995,-0.235,1.222,0.0,-0.0,1.0,BEZIER
627,170.304,-0.235,1.222,169.304,-0.235,1.222,0.0,-0.0,1.0,BEZIER
629,170.92,-0.235,1.222,169.92,-0.235,1.222,0.0,-0.0,1.0,BEZIER
630,171.226,-0.235,1.222,170.226,-0.235,1.222,0.0,-0.0,1.0,BEZIER
632,171.836,-0.235,1.222,170.836,-0.235,1.222,0.0,-0.0,1.0,BEZIER
635,172.744,-0.235,1.222,171.744,-0.235,1.222,0.0,-0.0,1.0,BEZIER
638,173.643,-0.235,1.222,172.643,-0.235,1.222,0.0,-0.0,1.0,BEZIER
639,173.941,-0.235,1.222,172.941,-0.235,1.222,0.0,-0.0,1.0,BEZIER
642,174.829,-0.235,1.222,173.829,-0.235,1.222,0.0,-0.0,1.0,BEZIER
645,175.708,-0.235,1.222,174.708,-0.235,1.222,0.0,-0.0,1.0,BEZIER
647,176.289,-0.235,1.222,175.289,-0.235,1.222,0.0,-0.0,1.0,BEZIER
651,177.438,-0.235,1.222,176.438,-0.235,1.222,0.0,-0.0,1.0,BEZIER
653,178.007,-0.235,1.222,177.007,-0.235,1.222,0.0,-0.0,1.0,BEZIER
655,178.572,-0.235,1.222,177.572,-0.235,1.222,0.0,-0.0,1.0,BEZIER
656,178.853,-0.235,1.222,177.853,-0.235,1.222,0.0,-0.0,1.0,BEZIER
659,179.689,-0.235,1.222,178.689,-0.235,1.222,0.0,-0.0,1.0,BEZIER
662,180.516,-0.235,1.222,179.516,-0.235,1.222,0.0,-0.0,1.0,BEZIER
663,180.789,-0.235,1.222,179.789,-0.235,1.222,0.0,-0.0,1.0,BEZIER
664,181.062,-0.235,1.222,180.062,-0.235,1.222,0.0,-0.0,1.0,BEZIER
667,181.872,-0.235,1.222,180.872,-0.235,1.222,0.0,-0.0,1.0,BEZIER
668,182.14,-0.235,1.222,181.14,-0.235,1.222,0.0,-0.0,1.0,BEZIER
669,182.407,-0.235,1.222,181.407,-0.235,1.222,0.0,-0.0,1.0,BEZIER
670,182.673,-0.235,1.222,181.673,-0.235,1.222,0.0,-0.0,1.0,BEZIER
671,182.938,-0.235,1.222,181.938,-0.235,1.222,0.0,-0.0,1.0,BEZIER
674,183.726,-0.235,1.222,182.726,-0.235,1.222,0.0,-0.0,1.0,BEZIER
678,184.761,-0.235,1.222,183.761,-0.235,1.222,0.0,-0.0,1.0,BEZIER
682,185.777,-0.235,1.222,184.777,-0.235,1.222,0.0,-0.0,1.0,BEZIER
686,186.776,-0.235,1.222,185.776,-0.235,1.222,0.0,-0.0,1.0,BEZIER
687,187.022,-0.235,1.222,186.022,-0.235,1.222,0.0,-0.0,1.0,BEZIER
688,187.268,-0.235,1.222,186.268,-0.235,1.222,0.0,-0.0,1.0,BEZIER
692,188.238,-0.235,1.222,187.238,-0.235,1.222,0.0,-0.0,1.0,BEZIER
695,188.953,-0.235,1.222,187.953,-0.235,1.222,0.0,-0.0,1.0,BEZIER
696,189.19,-0.235,1.222,188.19,-0.235,1.222,0.0,-0.0,1.0,BEZIER
698,189.658,-0.235,1.222,188.658,-0.235,1.222,0.0,-0.0,1.0,BEZIER
700,190.121,-0.235,1.222,189.121,-0.235,1.222,0.0,-0.0,1.0,BEZIER
701,190.351,-0.235,1.222,189.351,-0.235,1.222,0.0,-0.0,1.0,BEZIER
703,190.807,-0.235,1.222,189.807,-0.235,1.222,0.0,-0.0,1.0,BEZIER
704,191.034,-0.235,1.222,190.034,-0.235,1.222,0.0,-0.0,1.0,BEZIER
707,191.705,-0.235,1.222,190.705,-0.235,1.222,0.0,-0.0,1.0,BEZIER
709,192.146,-0.235,1.222,191.146,-0.235,1.222,0.0,-0.0,1.0,BEZIER
711,192.583,-0.235,1.222,191.583,-0.235,1.222,0.0,-0.0,1.0,BEZIER
713,193.014,-0.235,1.222,192.014,-0.235,1.222,0.0,-0.0,1.0,BEZIER
716,193.651,-0.235,1.222,192.651,-0.235,1.222,0.0,-0.0,1.0,BEZIER
718,194.069,-0.235,1.222,193.069,-0.235,1.222,0.0,-0.0,1.0,BEZIER
719,194.276,-0.235,1.222,193.276,-0.235,1.222,0.0,-0.0,1.0,BEZIER
720,194.482,-0.235,1.222,193.482,-0.235,1.222,0.0,-0.0,1.0,BEZIER
722,194.89,-0.235,1.222,193.89,-0.235,1.222,0.0,-0.0,1.0,BEZIER
725,195.492,-0.235,1.222,194.492,-0.235,1.222,0.0,-0.0,1.0,BEZIER
727,195.887,-0.235,1.222,194.887,-0.235,1.222,0.0,-0.0,1.0,BEZIER
728,196.082,-0.235,1.222,195.082,-0.235,1.222,0.0,-0.0,1.0,BEZIER
729,196.276,-0.235,1.222,195.276,-0.235,1.222,0.0,-0.0,1.0,BEZIER
731,196.66,-0.235,1.222,195.66,-0.235,1.222,0.0,-0.0,1.0,BEZIER
732,196.85,-0.235,1.222,195.85,-0.235,1.222,0.0,-0.0,1.0,BEZIER
733,197.039,-0.235,1.222,196.039,-0.235,1.222,0.0,-0.0,1.0,BEZIER
735,197.412,-0.235,1.222,196.412,-0.235,1.222,0.0,-0.0,1.0,BEZIER
737,197.779,-0.235,1.222,196.779,-0.235,1.222,0.0,-0.0,1.0,BEZIER
739,198.141,-0.235,1.222,197.141,-0.235,1.222,0.0,-0.0,1.0,BEZIER
741,198.498,-0.235,1.222,197.498,-0.235,1.222,0.0,-0.0,1.0,BEZIER
744,199.022,-0.235,1.222,198.022,-0.235,1.222,0.0,-0.0,1.0,BEZIER
746,199.364,-0.235,1.222,198.364,-0.235,1.222,0.0,-0.0,1.0,BEZIER
748,199.701,-0.235,1.222,198.701,-0.235,1.222,0.0,-0.0,1.0,BEZIER
750,200.032,-0.235,1.222,199.032,-0.235,1.222,0.0,-0.0,1.0,BEZIER
752,200.357,-0.235,1.222,199.357,-0.235,1.222,0.0,-0.0,1.0,BEZIER
755,200.834,-0.235,1.222,199.834,-0.235,1.222,0.0,-0.0,1.0,BEZIER
758,201.298,-0.235,1.222,200.298,-0.235,1.222,0.0,-0.0,1.0,BEZIER
760,201.6,-0.235,1.222,200.6,-0.235,1.222,0.0,-0.0,1.0,BEZIER
762,201.896,-0.235,1.222,200.896,-0.235,1.222,0.0,-0.0,1.0,BEZIER
764,202.186,-0.235,1.222,201.186,-0.235,1.222,0.0,-0.0,1.0,BEZIER
766,202.47,-0.235,1.222,201.47,-0.235,1.222,0.0,-0.0,1.0,BEZIER
767,202.61,-0.235,1.222,201.61,-0.235,1.222,0.0,-0.0,1.0,BEZIER
768,202.748,-0.235,1.222,201.748,-0.235,1.222,0.0,-0.0,1.0,BEZIER
771,203.154,-0.235,1.222,202.154,-0.235,1.222,0.0,-0.0,1.0,BEZIER
773,203.417,-0.235,1.222,202.417,-0.235,1.222,0.0,-0.0,1.0,BEZIER
775,203.673,-0.235,1.222,202.673,-0.235,1.222,0.0,-0.0,1.0,BEZIER
777,203.924,-0.235,1.222,202.924,-0.235,1.222,0.0,-0.0,1.0,BEZIER
780,204.287,-0.235,1.222,203.287,-0.235,1.222,0.0,-0.0,1.0,BEZIER
782,204.522,-0.235,1.222,203.522,-0.235,1.222,0.0,-0.0,1.0,BEZIER
784,204.751,-0.235,1.222,203.751,-0.235,1.222,0.0,-0.0,1.0,BEZIER
787,205.081,-0.235,1.222,204.081,-0.235,1.222,0.0,-0.0,1.0,BEZIER
789,205.294,-0.235,1.222,204.294,-0.235,1.222,0.0,-0.0,1.0,BEZIER
791,205.5,-0.235,1.222,204.5,-0.235,1.222,0.0,-0.0,1.0,BEZIER
793,205.699,-0.235,1.222,204.699,-0.235,1.222,0.0,-0.0,1.0,BEZIER
795,205.892,-0.235,1.222,204.892,-0.235,1.222,0.0,-0.0,1.0,BEZIER
798,206.169,-0.235,1.222,205.169,-0.235,1.222,0.0,-0.0,1.0,BEZIER
799,206.258,-0.235,1.222,205.258,-0.235,1.222,0.0,-0.0,1.0,BEZIER
800,206.346,-0.235,1.222,205.346,-0.235,1.222,0.0,-0.0,1.0,BEZIER
802,206.515,-0.235,1.222,205.515,-0.235,1.222,0.0,-0.0,1.0,BEZIER
804,206.678,-0.235,1.222,205.678,-0.235,1.222,0.0,-0.0,1.0,BEZIER
806,206.835,-0.235,1.222,205.835,-0.235,1.222,0.0,-0.0,1.0,BEZIER
808,206.984,-0.235,1.222,205.984,-0.235,1.222,0.0,-0.0,1.0,BEZIER
810,207.127,-0.235,1.222,206.127,-0.235,1.222,0.0,-0.0,1.0,BEZIER
812,207.263,-0.235,1.222,206.263,-0.235,1.222,0.0,-0.0,1.0,BEZIER
814,207.392,-0.235,1.222,206.392,-0.235,1.222,0.0,-0.0,1.0,BEZIER
816,207.514,-0.235,1.222,206.514,-0.235,1.222,0.0,-0.0,1.0,BEZIER
818,207.629,-0.235,1.222,206.629,-0.235,1.222,0.0,-0.0,1.0,BEZIER
821,207.789,-0.235,1.222,206.789,-0.235,1.222,0.0,-0.0,1.0,BEZIER
823,207.886,-0.235,1.222,206.886,-0.235,1.222,0.0,-0.0,1.0,BEZIER
825,207.977,-0.235,1.222,206.977,-0.235,1.222,0.0,-0.0,1.0,BEZIER
827,208.06,-0.235,1.222,207.06,-0.235,1.222,0.0,-0.0,1.0,BEZIER
829,208.136,-0.235,1.222,207.136,-0.235,1.222,0.0,-0.0,1.0,BEZIER
831,208.205,-0.235,1.222,207.205,-0.235,1.222,0.0,-0.0,1.0,BEZIER
832,208.236,-0.235,1.222,207.236,-0.235,1.222,0.0,-0.0,1.0,BEZIER
833,208.266,-0.235,1.222,207.266,-0.235,1.222,0.0,-0.0,1.0,BEZIER
834,208.294,-0.235,1.222,207.294,-0.235,1.222,0.0,-0.0,1.0,BEZIER
835,208.32,-0.235,1.222,207.32,-0.235,1.222,0.0,-0.0,1.0,BEZIER
837,208.367,-0.235,1.222,207.367,-0.235,1.222,0.0,-0.0,1.0,BEZIER
838,208.388,-0.235,1.222,207.388,-0.235,1.222,0.0,-0.0,1.0,BEZIER
840,208.424,-0.235,1.222,207.424,-0.235,1.222,0.0,-0.0,1.0,BEZIER
842,208.452,-0.235,1.222,207.452,-0.235,1.222,0.0,-0.0,1.0,BEZIER
844,208.473,-0.235,1.222,207.473,-0.235,1.222,0.0,-0.0,1.0,BEZIER
846,208.486,-0.235,1.222,207.486,-0.235,1.222,0.0,-0.0,1.0,BEZIER
847,208.49,-0.235,1.222,207.49,-0.235,1.222,0.0,-0.0,1.0,BEZIER
